Age,Fraction
0,0.118751831
10,0.1141139489
20,0.1285938403
30,0.1323811437
40,0.1257805367
50,0.1257328733
60,0.1073819769
70,0.0958124596
80,0.04230408402
90,0.008933498308
